,sepal length (cm),sepal width (cm),petal length (cm),petal width (cm)
count,150.0,150.0,150.0,150.0
mean,0.42870370370370364,0.44055555555555553,0.46745762711864397,0.4580555555555556
std,0.23001836888273972,0.18161095205695757,0.2992030903829604,0.31759902873347773
min,0.0,0.0,0.0,0.0
25%,0.2222222222222221,0.33333333333333326,0.1016949152542373,0.08333333333333333
50%,0.4166666666666665,0.41666666666666674,0.5677966101694916,0.5000000000000001
75%,0.5833333333333335,0.5416666666666665,0.6949152542372881,0.7083333333333334
max,1.0,1.0,1.0,1.0
